index,title,url
1,"1. Guidelines for Cardiovascular Diseases","https://clinicalestablishments.mohfw.gov.in/sites/default/files/standard-treatment-guidelines/3811.pdf"
2,"2. Guidelines for Critical Care","https://clinicalestablishments.mohfw.gov.in/sites/default/files/standard-treatment-guidelines/5821.pdf"
3,"3. Guidelines for Gastroenterological Diseases","https://clinicalestablishments.mohfw.gov.in/sites/default/files/standard-treatment-guidelines/9721.pdf"
4,"4. Guidelines for Obstetrics and Gynaecology","https://clinicalestablishments.mohfw.gov.in/sites/default/files/standard-treatment-guidelines/4571.pdf"
5,"5. Guidelines for Haemodialysis","https://clinicalestablishments.mohfw.gov.in/sites/default/files/standard-treatment-guidelines/358.pdf"
6,"6. Guidelines for Ophthalmology","https://clinicalestablishments.mohfw.gov.in/sites/default/files/standard-treatment-guidelines/6251.pdf"
7,"7. Guidelines for ENT","https://clinicalestablishments.mohfw.gov.in/sites/default/files/standard-treatment-guidelines/4251.pdf"
8,"8. Guidelines for Orthopaedics","https://clinicalestablishments.mohfw.gov.in/sites/default/files/standard-treatment-guidelines/8611.pdf"
9,"9. Guidelines for Medicine (Respiratory)","https://clinicalestablishments.mohfw.gov.in/sites/default/files/standard-treatment-guidelines/3261.pdf"
10,"10. Guidelines for Medicine (Non Respiratory Medical Conditions)","https://clinicalestablishments.mohfw.gov.in/sites/default/files/standard-treatment-guidelines/8721.pdf"
11,"11. Guidelines for Paediatrics and Paediatrics Surgery","https://clinicalestablishments.mohfw.gov.in/sites/default/files/standard-treatment-guidelines/891.pdf"
12,"12. Guidelines for General Surgery","https://clinicalestablishments.mohfw.gov.in/sites/default/files/standard-treatment-guidelines/6191.pdf"
13,"13. Guidelines for Interventional Radiology","https://clinicalestablishments.mohfw.gov.in/sites/default/files/standard-treatment-guidelines/2281.pdf"
14,"14. Guidelines for Oncology","https://clinicalestablishments.mohfw.gov.in/sites/default/files/standard-treatment-guidelines/2611.pdf"
15,"15. Guidelines for Organ Transplant - Liver","https://clinicalestablishments.mohfw.gov.in/sites/default/files/standard-treatment-guidelines/1511.pdf"
16,"16. Guidelines for Urology","https://clinicalestablishments.mohfw.gov.in/sites/default/files/standard-treatment-guidelines/9471.pdf"
17,"17. Guidelines for Laboratory Medicine","https://clinicalestablishments.mohfw.gov.in/sites/default/files/standard-treatment-guidelines/6491.pdf"
18,"18. Guidelines for G. I. Surgery","https://clinicalestablishments.mohfw.gov.in/sites/default/files/standard-treatment-guidelines/2101.pdf"
19,"19. Guidelines for Neurology","https://clinicalestablishments.mohfw.gov.in/sites/default/files/standard-treatment-guidelines/1621.pdf"
20,"Guidelines for Management of Epilepsy in India","http://www.clinicalestablishments.gov.in/WriteReadData/epilepsy-guidelines.pdf"
21,"21. Guidelines for Endocrinology","https://clinicalestablishments.mohfw.gov.in/sites/default/files/standard-treatment-guidelines/3601.pdf"
22,"a) Full Document","https://clinicalestablishments.mohfw.gov.in/sites/default/files/standard-treatment-guidelines/9451.pdf"
23,"b) Quick Reference Guide","https://clinicalestablishments.mohfw.gov.in/sites/default/files/standard-treatment-guidelines/7241.pdf"
24,"a) Full Document","https://clinicalestablishments.mohfw.gov.in/sites/default/files/standard-treatment-guidelines/5191.pdf"
25,"b) Quick Reference Guide","https://clinicalestablishments.mohfw.gov.in/sites/default/files/standard-treatment-guidelines/6591.pdf"
26,"a) Full Document","https://clinicalestablishments.mohfw.gov.in/sites/default/files/standard-treatment-guidelines/7661.pdf"
27,"b) Quick Reference Guide","https://clinicalestablishments.mohfw.gov.in/sites/default/files/standard-treatment-guidelines/8291.pdf"
28,"a) Full Document","https://clinicalestablishments.mohfw.gov.in/sites/default/files/standard-treatment-guidelines/6411.pdf"
29,"b) Quick Reference Guide","https://clinicalestablishments.mohfw.gov.in/sites/default/files/standard-treatment-guidelines/3921.pdf"
30,"a) Full Document","https://clinicalestablishments.mohfw.gov.in/sites/default/files/standard-treatment-guidelines/3941.pdf"
31,"b) Quick Reference Guide","https://clinicalestablishments.mohfw.gov.in/sites/default/files/standard-treatment-guidelines/5341.pdf"
32,"a) Full Document","https://clinicalestablishments.mohfw.gov.in/sites/default/files/standard-treatment-guidelines/5381.pdf"
33,"b) Quick Reference Guide","https://clinicalestablishments.mohfw.gov.in/sites/default/files/standard-treatment-guidelines/9761.pdf"
34,"a) Quick Reference Guide","https://clinicalestablishments.mohfw.gov.in/sites/default/files/standard-treatment-guidelines/4671.pdf"
35,"a) Quick Reference Guide","https://clinicalestablishments.mohfw.gov.in/sites/default/files/standard-treatment-guidelines/3361.pdf"
36,"a) Full Document","https://clinicalestablishments.mohfw.gov.in/sites/default/files/standard-treatment-guidelines/4221.pdf"
37,"a) Full Document","https://clinicalestablishments.mohfw.gov.in/sites/default/files/standard-treatment-guidelines/8361.pdf"
38,"b) Quick Reference Guide","https://clinicalestablishments.mohfw.gov.in/sites/default/files/standard-treatment-guidelines/8521.pdf"
39,"a) Full Document","https://clinicalestablishments.mohfw.gov.in/sites/default/files/standard-treatment-guidelines/8591.pdf"
40,"b) Quick Reference Guide","https://clinicalestablishments.mohfw.gov.in/sites/default/files/standard-treatment-guidelines/5461.pdf"
41,"a) Full Document","https://clinicalestablishments.mohfw.gov.in/sites/default/files/standard-treatment-guidelines/31911.pdf"
42,"(i) Standards for TB Care in India","https://clinicalestablishments.mohfw.gov.in/sites/default/files/standard-treatment-guidelines/93.pdf"
43,"(i) Management of Common Mental Disorders","https://clinicalestablishments.mohfw.gov.in/sites/default/files/standard-treatment-guidelines/606.pdf"
44,"(ii) Management of Common Ear Conditions","https://clinicalestablishments.mohfw.gov.in/sites/default/files/standard-treatment-guidelines/290.pdf"
45,"(i) Dental Caries and Periodontitis","https://clinicalestablishments.mohfw.gov.in/sites/default/files/standard-treatment-guidelines/475.pdf"
46,"(ii) Guidelines for Prevention and Control of Fluorosis","https://clinicalestablishments.mohfw.gov.in/sites/default/files/standard-treatment-guidelines/9711.pdf"
47,"(i) Training Manual for Medical officer","https://clinicalestablishments.mohfw.gov.in/sites/default/files/standard-treatment-guidelines/50.pdf"
48,"(ii) Disability Prevention & Medical Rehabilitation","https://clinicalestablishments.mohfw.gov.in/sites/default/files/standard-treatment-guidelines/516.pdf"
49,"(i) Prevention, Management and control of RTI & STI","https://clinicalestablishments.mohfw.gov.in/sites/default/files/standard-treatment-guidelines/448.pdf"
50,"(i) Case Management of Acute Encephalitis Syndrome / J. E.","https://clinicalestablishments.mohfw.gov.in/sites/default/files/standard-treatment-guidelines/5041.pdf"
51,"(ii) Diagnosis and treatment of Malaria","https://clinicalestablishments.mohfw.gov.in/sites/default/files/standard-treatment-guidelines/892.pdf"
52,"(iii) Filariasis control in India and Its Elimination","https://clinicalestablishments.mohfw.gov.in/sites/default/files/standard-treatment-guidelines/5021.pdf"
53,"(iv) Chikungunya Fever","https://clinicalestablishments.mohfw.gov.in/sites/default/files/standard-treatment-guidelines/155.pdf"
54,"(v) Road Map for Kala-Azar Elimination","https://clinicalestablishments.mohfw.gov.in/sites/default/files/standard-treatment-guidelines/7051.pdf"
55,"(i) Pre-operative, Operative and Post-operative precautions for Eye Surgery","https://clinicalestablishments.mohfw.gov.in/sites/default/files/standard-treatment-guidelines/5801.pdf"
56,"(i) Prevention and Management of Burn Injuries","https://clinicalestablishments.mohfw.gov.in/sites/default/files/standard-treatment-guidelines/520.pdf"
57,"(i) A Manual for Medical Officer","https://clinicalestablishments.mohfw.gov.in/sites/default/files/standard-treatment-guidelines/58.pdf"
58,"(i) National Guidelines on Rabies Prophylaxis","https://clinicalestablishments.mohfw.gov.in/sites/default/files/standard-treatment-guidelines/238.pdf"
59,"(i) National Guidelines Diagnosis, Case Management Prevention and Control of Leptospirosis","https://clinicalestablishments.mohfw.gov.in/sites/default/files/standard-treatment-guidelines/919.pdf"
60,"13. National Treatment Guidelines for Antimicrobial Use in Infectious Diseases","https://clinicalestablishments.mohfw.gov.in/sites/default/files/standard-treatment-guidelines/86111.pdf"
61,"14. National Guidelines for Diagnosis & Management of Viral Hepatitis","https://clinicalestablishments.mohfw.gov.in/sites/default/files/standard-treatment-guidelines/3591.pdf"
62,"Guidelines for Ayurveda","https://clinicalestablishments.mohfw.gov.in/sites/default/files/standard-treatment-guidelines/6391.pdf"
63,"Guidelines for Siddha (Draft)","https://clinicalestablishments.mohfw.gov.in/sites/default/files/standard-treatment-guidelines/2501.pdf"
